11,'avatar/(1).png',512,338
12,'avatar/(2).png',512,164
13,'avatar/(3).png',512,400
14,'avatar/(4).png',512,435
15,'avatar/(5).png',512,548
16,'avatar/(6).png',512,823
17,'avatar/(7).png',512,311
18,'avatar/(8).png',512,308
19,'avatar/(9).png',512,284
110,'avatar/(10).png',512,617
111,'avatar/(11).png',512,115
112,'avatar/(12).png',512,197
113,'avatar/(13).png',512,512
114,'avatar/(14).png',512,585
115,'avatar/(15).png',512,532
116,'avatar/(16).png',551,464
117,'avatar/(17).png',512,606
118,'avatar/(18).png',512,563
119,'avatar/(19).png',512,558
120,'avatar/(20).png',512,1006
121,'avatar/(21).png',512,434
122,'avatar/(22).png',512,512
123,'avatar/(23).png',890,898
124,'avatar/(24).png',512,512
125,'avatar/(25).png',512,512
126,'avatar/(26).png',512,512
127,'avatar/(27).png',512,512
128,'avatar/(28).png',512,512
129,'avatar/(29).png',512,512
130,'avatar/(30).png',512,512
131,'avatar/(31).png',512,512
132,'avatar/(32).png',512,512
133,'avatar/(33).png',512,512
134,'avatar/(34).png',512,512
135,'avatar/(35).png',512,512
136,'avatar/(36).png',512,512
137,'avatar/(37).png',512,512
138,'avatar/(38).png',512,512
139,'avatar/(39).png',512,512
140,'avatar/(40).png',512,512
141,'avatar/(41).png',512,512
142,'avatar/(42).png',512,512
143,'avatar/(43).png',512,434
144,'avatar/(44).png',512,636
145,'avatar/(45).png',512,762
146,'avatar/(46).png',512,1235
147,'avatar/(47).png',512,828
148,'avatar/(48).png',512,585
149,'avatar/(49).png',512,499
150,'avatar/(50).png',512,445
151,'avatar/(51).png',512,385
152,'avatar/(52).png',512,525
153,'avatar/(53).png',512,218
154,'avatar/(54).png',512,768
155,'avatar/(55).png',512,724
156,'avatar/(56).png',512,288
157,'avatar/(57).png',512,884
158,'avatar/(58).png',512,512
159,'avatar/(59).png',512,931
160,'avatar/(60).png',512,493
161,'avatar/(61).png',512,816
162,'avatar/(62).png',512,512
163,'avatar/(63).png',512,512
164,'avatar/(64).png',299,300
165,'avatar/(65).png',351,384
166,'avatar/(66).png',512,198
167,'avatar/(67).png',512,123
168,'avatar/(68).png',512,131
169,'avatar/(69).png',512,581
170,'avatar/(70).png',512,356
171,'avatar/(71).png',512,512
172,'avatar/(72).png',512,130
173,'avatar/(73).png',512,140
21,'got/(1).png',512,512
22,'got/(2).png',425,425
23,'got/(3).png',512,512
24,'got/(4).png',512,512
25,'got/(5).png',512,512
26,'got/(6).png',512,512
27,'got/(7).png',512,512
28,'got/(8).png',512,636
29,'got/(9).png',512,614
210,'got/(10).png',512,360
211,'got/(11).png',481,271
212,'got/(12).png',512,384
213,'got/(13).png',512,512
214,'got/(14).png',512,512
215,'got/(15).png',512,519
216,'got/(16).png',514,513
217,'got/(17).png',512,512
218,'got/(18).png',512,512
219,'got/(19).png',511,511
220,'got/(20).png',512,512
221,'got/(21).png',512,512
222,'got/(22).png',512,512
223,'got/(23).png',512,512
224,'got/(24).png',512,512
225,'got/(25).png',511,555
226,'got/(26).png',511,511
227,'got/(27).png',512,512
228,'got/(28).png',512,512
229,'got/(29).png',511,511
230,'got/(30).png',512,512
231,'got/(31).png',426,426
232,'got/(32).png',383,383
233,'got/(33).png',374,374
234,'got/(34).png',512,471
235,'got/(35).png',512,512
236,'got/(36).png',341,341
237,'got/(37).png',500,500
238,'got/(38).png',512,511
239,'got/(39).png',512,502
240,'got/(40).png',512,512
241,'got/(41).png',512,512
242,'got/(42).png',512,512
243,'got/(43).png',512,512
244,'got/(44).png',512,578
245,'got/(45).png',429,429
246,'got/(46).png',512,627
247,'got/(47).png',512,511
248,'got/(48).png',512,479
249,'got/(49).png',512,614
250,'got/(50).png',512,614
251,'got/(51).png',427,512
252,'got/(52).png',512,512
253,'got/(53).png',512,429
254,'got/(54).png',512,512
255,'got/(55).png',512,639
256,'got/(56).png',500,500
257,'got/(57).png',512,512
258,'got/(58).png',512,650
259,'got/(59).png',512,512
260,'got/(60).png',512,768
261,'got/(61).png',512,512
262,'got/(62).png',512,566
263,'got/(63).png',572,572
264,'got/(64).png',512,512
265,'got/(65).png',594,109
266,'got/(66).png',748,109
267,'got/(67).png',512,512
268,'got/(68).png',512,512
269,'got/(69).png',431,109
270,'got/(70).png',591,109
271,'got/(71).png',560,109
272,'got/(72).png',338,109
273,'got/(73).png',544,473
31,'brands/(1).png',512,512
32,'brands/(2).png',512,163
33,'brands/(3).png',512,512
34,'brands/(4).png',512,512
35,'brands/(5).png',512,512
36,'brands/(6).png',512,512
37,'brands/(7).png',512,512
38,'brands/(8).png',512,512
39,'brands/(9).png',512,512
310,'brands/(10).png',512,512
311,'brands/(11).png',512,512
312,'brands/(12).png',512,512
313,'brands/(13).png',512,512
314,'brands/(14).png',512,512
315,'brands/(15).png',512,512
316,'brands/(16).png',512,512
317,'brands/(17).png',512,512
318,'brands/(18).png',512,512
319,'brands/(19).png',512,473
320,'brands/(20).png',512,249
321,'brands/(21).png',512,512
322,'brands/(22).png',512,512
323,'brands/(23).png',512,512
324,'brands/(24).png',512,264
325,'brands/(25).png',512,512
326,'brands/(26).png',512,180
327,'brands/(27).png',512,139
328,'brands/(28).png',512,512
329,'brands/(29).png',512,512
330,'brands/(30).png',512,251
331,'brands/(31).png',512,512
332,'brands/(32).png',512,259
333,'brands/(33).png',512,512
334,'brands/(34).png',512,288
335,'brands/(35).png',512,299
336,'brands/(36).png',512,512
337,'brands/(37).png',512,420
338,'brands/(38).png',512,512
339,'brands/(39).png',512,512
340,'brands/(40).png',512,512
341,'brands/(41).png',512,512
342,'brands/(42).png',512,512
343,'brands/(43).png',512,508
344,'brands/(44).png',512,182
345,'brands/(45).png',512,512
346,'brands/(46).png',512,512
347,'brands/(47).png',512,512
348,'brands/(48).png',512,514
349,'brands/(49).png',512,512
350,'brands/(50).png',512,512
351,'brands/(51).png',512,512
352,'brands/(52).png',512,512
353,'brands/(53).png',512,263
354,'brands/(54).png',512,512
355,'brands/(55).png',512,512
356,'brands/(56).png',512,249
357,'brands/(57).png',512,338
358,'brands/(58).png',512,364
359,'brands/(59).png',512,512
360,'brands/(60).png',512,368
361,'brands/(61).png',512,512
362,'brands/(62).png',512,512
363,'brands/(63).png',512,146
364,'brands/(64).png',512,246
365,'brands/(65).png',512,384
366,'brands/(66).png',512,269
367,'brands/(67).png',512,164
368,'brands/(68).png',512,476
369,'brands/(69).png',512,620
370,'brands/(70).png',512,288
371,'brands/(71).png',512,512
372,'brands/(72).png',512,384
373,'brands/(73).png',512,341
